TotalSF,1stFlrSF,GrLivArea,BsmtUnfSF,LotArea,GarageArea,TotalBsmtSF,LotFrontage,YearBuilt,MoSold,YearRemodAdd,GarageYrBlt,BsmtFinSF1,OpenPorchSF,WoodDeckSF,TotRmsAbvGrd,YrSold,MasVnrArea,2ndFlrSF,OverallQual,BsmtFinType1,FireplaceQu,OverallCond
14.97659057,11.69262259,13.69888798,7.483295642,19.21218231,10.50627096,11.69262259,5.831327893,14.18752681,1.820334104,14.18752681,14.18752681,11.17032679,5.714668903,0,2.602594469,1.194317638,8.059125776,11.68618938,2.440268378,1.194317638,1.540962756,1.820334104
14.90767808,12.77838192,12.77838192,7.278278985,19.84906344,8.831513537,12.77838192,6.098626105,14.12772731,2.602594469,14.12772731,14.12772731,11.60797603,5.914940019,11.28186246,2.259673787,1.194317638,0,0,2.055641538,0.730463147,1.540962756,2.055641538
